customer_id,created_date,canceled_date,subscription_cost,subscription_interval,was_subscription_paid,Created_date (SOM),Month Span,Month_list
154536156,9/1/2022,9/7/2023,39,month,Yes,9/1/2022,13,1
154536156,9/1/2022,9/7/2023,39,month,Yes,9/1/2022,13,2
154536156,9/1/2022,9/7/2023,39,month,Yes,9/1/2022,13,3
154536156,9/1/2022,9/7/2023,39,month,Yes,9/1/2022,13,4
154536156,9/1/2022,9/7/2023,39,month,Yes,9/1/2022,13,5
154536156,9/1/2022,9/7/2023,39,month,Yes,9/1/2022,13,6
154536156,9/1/2022,9/7/2023,39,month,Yes,9/1/2022,13,7
154536156,9/1/2022,9/7/2023,39,month,Yes,9/1/2022,13,8
154536156,9/1/2022,9/7/2023,39,month,Yes,9/1/2022,13,9
154536156,9/1/2022,9/7/2023,39,month,Yes,9/1/2022,13,10
154536156,9/1/2022,9/7/2023,39,month,Yes,9/1/2022,13,11
154536156,9/1/2022,9/7/2023,39,month,Yes,9/1/2022,13,12
154536156,9/1/2022,9/7/2023,39,month,Yes,9/1/2022,13,13
121253113,9/1/2022,9/23/2022,39,month,Yes,9/1/2022,1,1
154467210,9/1/2022,6/29/2023,39,month,Yes,9/1/2022,10,1
154467210,9/1/2022,6/29/2023,39,month,Yes,9/1/2022,10,2
154467210,9/1/2022,6/29/2023,39,month,Yes,9/1/2022,10,3
154467210,9/1/2022,6/29/2023,39,month,Yes,9/1/2022,10,4
154467210,9/1/2022,6/29/2023,39,month,Yes,9/1/2022,10,5
154467210,9/1/2022,6/29/2023,39,month,Yes,9/1/2022,10,6
154467210,9/1/2022,6/29/2023,39,month,Yes,9/1/2022,10,7
154467210,9/1/2022,6/29/2023,39,month,Yes,9/1/2022,10,8
154467210,9/1/2022,6/29/2023,39,month,Yes,9/1/2022,10,9
154467210,9/1/2022,6/29/2023,39,month,Yes,9/1/2022,10,10
154510811,9/1/2022,5/8/2023,39,month,Yes,9/1/2022,9,1
154510811,9/1/2022,5/8/2023,39,month,Yes,9/1/2022,9,2
154510811,9/1/2022,5/8/2023,39,month,Yes,9/1/2022,9,3
154510811,9/1/2022,5/8/2023,39,month,Yes,9/1/2022,9,4
154510811,9/1/2022,5/8/2023,39,month,Yes,9/1/2022,9,5
154510811,9/1/2022,5/8/2023,39,month,Yes,9/1/2022,9,6
154510811,9/1/2022,5/8/2023,39,month,Yes,9/1/2022,9,7
154510811,9/1/2022,5/8/2023,39,month,Yes,9/1/2022,9,8
154510811,9/1/2022,5/8/2023,39,month,Yes,9/1/2022,9,9
154494346,9/1/2022,11/26/2022,39,month,Yes,9/1/2022,3,1
154494346,9/1/2022,11/26/2022,39,month,Yes,9/1/2022,3,2
154494346,9/1/2022,11/26/2022,39,month,Yes,9/1/2022,3,3
148671505,9/1/2022,11/23/2022,39,month,Yes,9/1/2022,3,1
148671505,9/1/2022,11/23/2022,39,month,Yes,9/1/2022,3,2
148671505,9/1/2022,11/23/2022,39,month,Yes,9/1/2022,3,3
154568379,9/1/2022,10/25/2022,39,month,Yes,9/1/2022,2,1
154568379,9/1/2022,10/25/2022,39,month,Yes,9/1/2022,2,2
154428434,9/1/2022,10/31/2022,39,month,Yes,9/1/2022,2,1
154428434,9/1/2022,10/31/2022,39,month,Yes,9/1/2022,2,2
154601651,9/1/2022,9/26/2022,39,month,Yes,9/1/2022,1,1
122824692,9/1/2022,9/15/2022,39,month,Yes,9/1/2022,1,1
152925600,9/2/2022,9/7/2023,39,month,Yes,9/1/2022,13,1
152925600,9/2/2022,9/7/2023,39,month,Yes,9/1/2022,13,2
152925600,9/2/2022,9/7/2023,39,month,Yes,9/1/2022,13,3
152925600,9/2/2022,9/7/2023,39,month,Yes,9/1/2022,13,4
152925600,9/2/2022,9/7/2023,39,month,Yes,9/1/2022,13,5
152925600,9/2/2022,9/7/2023,39,month,Yes,9/1/2022,13,6
152925600,9/2/2022,9/7/2023,39,month,Yes,9/1/2022,13,7
152925600,9/2/2022,9/7/2023,39,month,Yes,9/1/2022,13,8
152925600,9/2/2022,9/7/2023,39,month,Yes,9/1/2022,13,9
152925600,9/2/2022,9/7/2023,39,month,Yes,9/1/2022,13,10
152925600,9/2/2022,9/7/2023,39,month,Yes,9/1/2022,13,11
152925600,9/2/2022,9/7/2023,39,month,Yes,9/1/2022,13,12
152925600,9/2/2022,9/7/2023,39,month,Yes,9/1/2022,13,13
151154171,9/2/2022,9/2/2022,39,month,Yes,9/1/2022,1,1
154640950,9/2/2022,12/9/2022,39,month,Yes,9/1/2022,4,1
154640950,9/2/2022,12/9/2022,39,month,Yes,9/1/2022,4,2
154640950,9/2/2022,12/9/2022,39,month,Yes,9/1/2022,4,3
154640950,9/2/2022,12/9/2022,39,month,Yes,9/1/2022,4,4
154617329,9/2/2022,10/27/2022,39,month,Yes,9/1/2022,2,1
154617329,9/2/2022,10/27/2022,39,month,Yes,9/1/2022,2,2
154089211,9/2/2022,10/9/2022,39,month,Yes,9/1/2022,2,1
154089211,9/2/2022,10/9/2022,39,month,Yes,9/1/2022,2,2
154653820,9/2/2022,9/26/2022,39,month,Yes,9/1/2022,1,1
154131290,9/3/2022,9/7/2023,39,month,Yes,9/1/2022,13,1
154131290,9/3/2022,9/7/2023,39,month,Yes,9/1/2022,13,2
154131290,9/3/2022,9/7/2023,39,month,Yes,9/1/2022,13,3
154131290,9/3/2022,9/7/2023,39,month,Yes,9/1/2022,13,4
154131290,9/3/2022,9/7/2023,39,month,Yes,9/1/2022,13,5
154131290,9/3/2022,9/7/2023,39,month,Yes,9/1/2022,13,6
154131290,9/3/2022,9/7/2023,39,month,Yes,9/1/2022,13,7
154131290,9/3/2022,9/7/2023,39,month,Yes,9/1/2022,13,8
154131290,9/3/2022,9/7/2023,39,month,Yes,9/1/2022,13,9
154131290,9/3/2022,9/7/2023,39,month,Yes,9/1/2022,13,10
154131290,9/3/2022,9/7/2023,39,month,Yes,9/1/2022,13,11
154131290,9/3/2022,9/7/2023,39,month,Yes,9/1/2022,13,12
154131290,9/3/2022,9/7/2023,39,month,Yes,9/1/2022,13,13
154434009,9/3/2022,9/7/2023,39,month,Yes,9/1/2022,13,1
154434009,9/3/2022,9/7/2023,39,month,Yes,9/1/2022,13,2
154434009,9/3/2022,9/7/2023,39,month,Yes,9/1/2022,13,3
154434009,9/3/2022,9/7/2023,39,month,Yes,9/1/2022,13,4
154434009,9/3/2022,9/7/2023,39,month,Yes,9/1/2022,13,5
154434009,9/3/2022,9/7/2023,39,month,Yes,9/1/2022,13,6
154434009,9/3/2022,9/7/2023,39,month,Yes,9/1/2022,13,7
154434009,9/3/2022,9/7/2023,39,month,Yes,9/1/2022,13,8
154434009,9/3/2022,9/7/2023,39,month,Yes,9/1/2022,13,9
154434009,9/3/2022,9/7/2023,39,month,Yes,9/1/2022,13,10
154434009,9/3/2022,9/7/2023,39,month,Yes,9/1/2022,13,11
154434009,9/3/2022,9/7/2023,39,month,Yes,9/1/2022,13,12
154434009,9/3/2022,9/7/2023,39,month,Yes,9/1/2022,13,13
136108848,9/3/2022,9/4/2022,39,month,Yes,9/1/2022,1,1
135185873,9/3/2022,5/10/2023,39,month,Yes,9/1/2022,9,1
135185873,9/3/2022,5/10/2023,39,month,Yes,9/1/2022,9,2
135185873,9/3/2022,5/10/2023,39,month,Yes,9/1/2022,9,3
135185873,9/3/2022,5/10/2023,39,month,Yes,9/1/2022,9,4
135185873,9/3/2022,5/10/2023,39,month,Yes,9/1/2022,9,5
135185873,9/3/2022,5/10/2023,39,month,Yes,9/1/2022,9,6
135185873,9/3/2022,5/10/2023,39,month,Yes,9/1/2022,9,7
135185873,9/3/2022,5/10/2023,39,month,Yes,9/1/2022,9,8
135185873,9/3/2022,5/10/2023,39,month,Yes,9/1/2022,9,9
154592664,9/3/2022,4/1/2023,39,month,Yes,9/1/2022,7,1
154592664,9/3/2022,4/1/2023,39,month,Yes,9/1/2022,7,2
154592664,9/3/2022,4/1/2023,39,month,Yes,9/1/2022,7,3
154592664,9/3/2022,4/1/2023,39,month,Yes,9/1/2022,7,4
154592664,9/3/2022,4/1/2023,39,month,Yes,9/1/2022,7,5
154592664,9/3/2022,4/1/2023,39,month,Yes,9/1/2022,7,6
154592664,9/3/2022,4/1/2023,39,month,Yes,9/1/2022,7,7
119436804,9/3/2022,4/10/2023,39,month,Yes,9/1/2022,8,1
119436804,9/3/2022,4/10/2023,39,month,Yes,9/1/2022,8,2
119436804,9/3/2022,4/10/2023,39,month,Yes,9/1/2022,8,3
119436804,9/3/2022,4/10/2023,39,month,Yes,9/1/2022,8,4
119436804,9/3/2022,4/10/2023,39,month,Yes,9/1/2022,8,5
119436804,9/3/2022,4/10/2023,39,month,Yes,9/1/2022,8,6
119436804,9/3/2022,4/10/2023,39,month,Yes,9/1/2022,8,7
119436804,9/3/2022,4/10/2023,39,month,Yes,9/1/2022,8,8
152929657,9/3/2022,11/23/2022,39,month,Yes,9/1/2022,3,1
152929657,9/3/2022,11/23/2022,39,month,Yes,9/1/2022,3,2
152929657,9/3/2022,11/23/2022,39,month,Yes,9/1/2022,3,3
154708974,9/3/2022,10/18/2022,39,month,Yes,9/1/2022,2,1
154708974,9/3/2022,10/18/2022,39,month,Yes,9/1/2022,2,2
154567722,9/3/2022,9/29/2022,39,month,Yes,9/1/2022,1,1
154719788,9/3/2022,9/25/2022,39,month,Yes,9/1/2022,1,1
154809306,9/4/2022,9/5/2022,39,month,Yes,9/1/2022,1,1
140391539,9/4/2022,4/5/2023,39,month,Yes,9/1/2022,8,1
140391539,9/4/2022,4/5/2023,39,month,Yes,9/1/2022,8,2
140391539,9/4/2022,4/5/2023,39,month,Yes,9/1/2022,8,3
140391539,9/4/2022,4/5/2023,39,month,Yes,9/1/2022,8,4
140391539,9/4/2022,4/5/2023,39,month,Yes,9/1/2022,8,5
140391539,9/4/2022,4/5/2023,39,month,Yes,9/1/2022,8,6
140391539,9/4/2022,4/5/2023,39,month,Yes,9/1/2022,8,7
140391539,9/4/2022,4/5/2023,39,month,Yes,9/1/2022,8,8
153194806,9/4/2022,4/16/2023,39,month,Yes,9/1/2022,8,1
153194806,9/4/2022,4/16/2023,39,month,Yes,9/1/2022,8,2
153194806,9/4/2022,4/16/2023,39,month,Yes,9/1/2022,8,3
153194806,9/4/2022,4/16/2023,39,month,Yes,9/1/2022,8,4
153194806,9/4/2022,4/16/2023,39,month,Yes,9/1/2022,8,5
153194806,9/4/2022,4/16/2023,39,month,Yes,9/1/2022,8,6
153194806,9/4/2022,4/16/2023,39,month,Yes,9/1/2022,8,7
153194806,9/4/2022,4/16/2023,39,month,Yes,9/1/2022,8,8
144402204,9/4/2022,9/22/2022,39,month,Yes,9/1/2022,1,1
154747678,9/4/2022,1/15/2023,39,month,Yes,9/1/2022,5,1
154747678,9/4/2022,1/15/2023,39,month,Yes,9/1/2022,5,2
154747678,9/4/2022,1/15/2023,39,month,Yes,9/1/2022,5,3
154747678,9/4/2022,1/15/2023,39,month,Yes,9/1/2022,5,4
154747678,9/4/2022,1/15/2023,39,month,Yes,9/1/2022,5,5
130939158,9/4/2022,2/19/2023,39,month,Yes,9/1/2022,6,1
130939158,9/4/2022,2/19/2023,39,month,Yes,9/1/2022,6,2
130939158,9/4/2022,2/19/2023,39,month,Yes,9/1/2022,6,3
130939158,9/4/2022,2/19/2023,39,month,Yes,9/1/2022,6,4
130939158,9/4/2022,2/19/2023,39,month,Yes,9/1/2022,6,5
130939158,9/4/2022,2/19/2023,39,month,Yes,9/1/2022,6,6
150912359,9/4/2022,11/2/2022,39,month,Yes,9/1/2022,2,1
150912359,9/4/2022,11/2/2022,39,month,Yes,9/1/2022,2,2
154132592,9/4/2022,11/1/2022,39,month,Yes,9/1/2022,2,1
154132592,9/4/2022,11/1/2022,39,month,Yes,9/1/2022,2,2
153368891,9/4/2022,10/11/2022,39,month,Yes,9/1/2022,2,1
153368891,9/4/2022,10/11/2022,39,month,Yes,9/1/2022,2,2
154225450,9/5/2022,9/7/2023,39,month,Yes,9/1/2022,13,1
154225450,9/5/2022,9/7/2023,39,month,Yes,9/1/2022,13,2
154225450,9/5/2022,9/7/2023,39,month,Yes,9/1/2022,13,3
154225450,9/5/2022,9/7/2023,39,month,Yes,9/1/2022,13,4
154225450,9/5/2022,9/7/2023,39,month,Yes,9/1/2022,13,5
154225450,9/5/2022,9/7/2023,39,month,Yes,9/1/2022,13,6
154225450,9/5/2022,9/7/2023,39,month,Yes,9/1/2022,13,7
154225450,9/5/2022,9/7/2023,39,month,Yes,9/1/2022,13,8
154225450,9/5/2022,9/7/2023,39,month,Yes,9/1/2022,13,9
154225450,9/5/2022,9/7/2023,39,month,Yes,9/1/2022,13,10
154225450,9/5/2022,9/7/2023,39,month,Yes,9/1/2022,13,11
154225450,9/5/2022,9/7/2023,39,month,Yes,9/1/2022,13,12
154225450,9/5/2022,9/7/2023,39,month,Yes,9/1/2022,13,13
154904040,9/5/2022,9/6/2022,39,month,Yes,9/1/2022,1,1
127604200,9/5/2022,10/6/2022,39,month,Yes,9/1/2022,2,1
127604200,9/5/2022,10/6/2022,39,month,Yes,9/1/2022,2,2
154913576,9/5/2022,3/13/2023,39,month,Yes,9/1/2022,7,1
154913576,9/5/2022,3/13/2023,39,month,Yes,9/1/2022,7,2
154913576,9/5/2022,3/13/2023,39,month,Yes,9/1/2022,7,3
154913576,9/5/2022,3/13/2023,39,month,Yes,9/1/2022,7,4
154913576,9/5/2022,3/13/2023,39,month,Yes,9/1/2022,7,5
154913576,9/5/2022,3/13/2023,39,month,Yes,9/1/2022,7,6
154913576,9/5/2022,3/13/2023,39,month,Yes,9/1/2022,7,7
154910432,9/5/2022,3/13/2023,39,month,Yes,9/1/2022,7,1
154910432,9/5/2022,3/13/2023,39,month,Yes,9/1/2022,7,2
154910432,9/5/2022,3/13/2023,39,month,Yes,9/1/2022,7,3
154910432,9/5/2022,3/13/2023,39,month,Yes,9/1/2022,7,4
154910432,9/5/2022,3/13/2023,39,month,Yes,9/1/2022,7,5
154910432,9/5/2022,3/13/2023,39,month,Yes,9/1/2022,7,6
154910432,9/5/2022,3/13/2023,39,month,Yes,9/1/2022,7,7
154911229,9/5/2022,3/12/2023,39,month,Yes,9/1/2022,7,1
154911229,9/5/2022,3/12/2023,39,month,Yes,9/1/2022,7,2
154911229,9/5/2022,3/12/2023,39,month,Yes,9/1/2022,7,3
154911229,9/5/2022,3/12/2023,39,month,Yes,9/1/2022,7,4
154911229,9/5/2022,3/12/2023,39,month,Yes,9/1/2022,7,5
154911229,9/5/2022,3/12/2023,39,month,Yes,9/1/2022,7,6
154911229,9/5/2022,3/12/2023,39,month,Yes,9/1/2022,7,7
154518837,9/5/2022,1/3/2023,39,month,Yes,9/1/2022,4,1
154518837,9/5/2022,1/3/2023,39,month,Yes,9/1/2022,4,2
154518837,9/5/2022,1/3/2023,39,month,Yes,9/1/2022,4,3
154518837,9/5/2022,1/3/2023,39,month,Yes,9/1/2022,4,4
154910009,9/5/2022,2/8/2023,39,month,Yes,9/1/2022,6,1
154910009,9/5/2022,2/8/2023,39,month,Yes,9/1/2022,6,2
154910009,9/5/2022,2/8/2023,39,month,Yes,9/1/2022,6,3
154910009,9/5/2022,2/8/2023,39,month,Yes,9/1/2022,6,4
154910009,9/5/2022,2/8/2023,39,month,Yes,9/1/2022,6,5
154910009,9/5/2022,2/8/2023,39,month,Yes,9/1/2022,6,6
154911693,9/5/2022,2/8/2023,39,month,Yes,9/1/2022,6,1
154911693,9/5/2022,2/8/2023,39,month,Yes,9/1/2022,6,2
154911693,9/5/2022,2/8/2023,39,month,Yes,9/1/2022,6,3
154911693,9/5/2022,2/8/2023,39,month,Yes,9/1/2022,6,4
154911693,9/5/2022,2/8/2023,39,month,Yes,9/1/2022,6,5
154911693,9/5/2022,2/8/2023,39,month,Yes,9/1/2022,6,6
154894177,9/5/2022,12/12/2022,39,month,Yes,9/1/2022,4,1
154894177,9/5/2022,12/12/2022,39,month,Yes,9/1/2022,4,2
154894177,9/5/2022,12/12/2022,39,month,Yes,9/1/2022,4,3
154894177,9/5/2022,12/12/2022,39,month,Yes,9/1/2022,4,4
154494026,9/5/2022,12/12/2022,39,month,Yes,9/1/2022,4,1
154494026,9/5/2022,12/12/2022,39,month,Yes,9/1/2022,4,2
154494026,9/5/2022,12/12/2022,39,month,Yes,9/1/2022,4,3
154494026,9/5/2022,12/12/2022,39,month,Yes,9/1/2022,4,4
154245189,9/5/2022,11/26/2022,39,month,Yes,9/1/2022,3,1
154245189,9/5/2022,11/26/2022,39,month,Yes,9/1/2022,3,2
154245189,9/5/2022,11/26/2022,39,month,Yes,9/1/2022,3,3
154604182,9/5/2022,10/19/2022,39,month,Yes,9/1/2022,2,1
154604182,9/5/2022,10/19/2022,39,month,Yes,9/1/2022,2,2
154711552,9/5/2022,10/5/2022,39,month,Yes,9/1/2022,2,1
154711552,9/5/2022,10/5/2022,39,month,Yes,9/1/2022,2,2
154827564,9/5/2022,10/9/2022,39,month,Yes,9/1/2022,2,1
154827564,9/5/2022,10/9/2022,39,month,Yes,9/1/2022,2,2
143581543,9/5/2022,10/12/2022,39,month,Yes,9/1/2022,2,1
143581543,9/5/2022,10/12/2022,39,month,Yes,9/1/2022,2,2
154867798,9/5/2022,10/5/2022,39,month,Yes,9/1/2022,2,1
154867798,9/5/2022,10/5/2022,39,month,Yes,9/1/2022,2,2
154863996,9/5/2022,9/9/2022,39,month,Yes,9/1/2022,1,1
154923423,9/6/2022,9/7/2023,39,month,Yes,9/1/2022,13,1
154923423,9/6/2022,9/7/2023,39,month,Yes,9/1/2022,13,2
154923423,9/6/2022,9/7/2023,39,month,Yes,9/1/2022,13,3
154923423,9/6/2022,9/7/2023,39,month,Yes,9/1/2022,13,4
154923423,9/6/2022,9/7/2023,39,month,Yes,9/1/2022,13,5
154923423,9/6/2022,9/7/2023,39,month,Yes,9/1/2022,13,6
154923423,9/6/2022,9/7/2023,39,month,Yes,9/1/2022,13,7
154923423,9/6/2022,9/7/2023,39,month,Yes,9/1/2022,13,8
154923423,9/6/2022,9/7/2023,39,month,Yes,9/1/2022,13,9
154923423,9/6/2022,9/7/2023,39,month,Yes,9/1/2022,13,10
154923423,9/6/2022,9/7/2023,39,month,Yes,9/1/2022,13,11
154923423,9/6/2022,9/7/2023,39,month,Yes,9/1/2022,13,12
154923423,9/6/2022,9/7/2023,39,month,Yes,9/1/2022,13,13
134664128,9/6/2022,9/7/2023,39,month,Yes,9/1/2022,13,1
134664128,9/6/2022,9/7/2023,39,month,Yes,9/1/2022,13,2
134664128,9/6/2022,9/7/2023,39,month,Yes,9/1/2022,13,3
134664128,9/6/2022,9/7/2023,39,month,Yes,9/1/2022,13,4
134664128,9/6/2022,9/7/2023,39,month,Yes,9/1/2022,13,5
134664128,9/6/2022,9/7/2023,39,month,Yes,9/1/2022,13,6
134664128,9/6/2022,9/7/2023,39,month,Yes,9/1/2022,13,7
134664128,9/6/2022,9/7/2023,39,month,Yes,9/1/2022,13,8
134664128,9/6/2022,9/7/2023,39,month,Yes,9/1/2022,13,9
134664128,9/6/2022,9/7/2023,39,month,Yes,9/1/2022,13,10
134664128,9/6/2022,9/7/2023,39,month,Yes,9/1/2022,13,11
134664128,9/6/2022,9/7/2023,39,month,Yes,9/1/2022,13,12
134664128,9/6/2022,9/7/2023,39,month,Yes,9/1/2022,13,13
154828806,9/6/2022,11/20/2022,39,month,Yes,9/1/2022,3,1
154828806,9/6/2022,11/20/2022,39,month,Yes,9/1/2022,3,2
154828806,9/6/2022,11/20/2022,39,month,Yes,9/1/2022,3,3
154934030,9/6/2022,11/13/2022,39,month,Yes,9/1/2022,3,1
154934030,9/6/2022,11/13/2022,39,month,Yes,9/1/2022,3,2
154934030,9/6/2022,11/13/2022,39,month,Yes,9/1/2022,3,3
153671424,9/6/2022,10/13/2022,39,month,Yes,9/1/2022,2,1
153671424,9/6/2022,10/13/2022,39,month,Yes,9/1/2022,2,2
154693818,9/6/2022,10/13/2022,39,month,Yes,9/1/2022,2,1
154693818,9/6/2022,10/13/2022,39,month,Yes,9/1/2022,2,2
154110938,9/6/2022,9/26/2022,39,month,Yes,9/1/2022,1,1
154809306,9/6/2022,9/28/2022,39,month,Yes,9/1/2022,1,1
154537244,9/7/2022,9/7/2023,39,month,Yes,9/1/2022,13,1
154537244,9/7/2022,9/7/2023,39,month,Yes,9/1/2022,13,2
154537244,9/7/2022,9/7/2023,39,month,Yes,9/1/2022,13,3
154537244,9/7/2022,9/7/2023,39,month,Yes,9/1/2022,13,4
154537244,9/7/2022,9/7/2023,39,month,Yes,9/1/2022,13,5
154537244,9/7/2022,9/7/2023,39,month,Yes,9/1/2022,13,6
154537244,9/7/2022,9/7/2023,39,month,Yes,9/1/2022,13,7
154537244,9/7/2022,9/7/2023,39,month,Yes,9/1/2022,13,8
154537244,9/7/2022,9/7/2023,39,month,Yes,9/1/2022,13,9
154537244,9/7/2022,9/7/2023,39,month,Yes,9/1/2022,13,10
154537244,9/7/2022,9/7/2023,39,month,Yes,9/1/2022,13,11
154537244,9/7/2022,9/7/2023,39,month,Yes,9/1/2022,13,12
154537244,9/7/2022,9/7/2023,39,month,Yes,9/1/2022,13,13
154163218,9/7/2022,9/7/2023,39,month,Yes,9/1/2022,13,1
154163218,9/7/2022,9/7/2023,39,month,Yes,9/1/2022,13,2
154163218,9/7/2022,9/7/2023,39,month,Yes,9/1/2022,13,3
154163218,9/7/2022,9/7/2023,39,month,Yes,9/1/2022,13,4
154163218,9/7/2022,9/7/2023,39,month,Yes,9/1/2022,13,5
154163218,9/7/2022,9/7/2023,39,month,Yes,9/1/2022,13,6
154163218,9/7/2022,9/7/2023,39,month,Yes,9/1/2022,13,7
154163218,9/7/2022,9/7/2023,39,month,Yes,9/1/2022,13,8
154163218,9/7/2022,9/7/2023,39,month,Yes,9/1/2022,13,9
154163218,9/7/2022,9/7/2023,39,month,Yes,9/1/2022,13,10
154163218,9/7/2022,9/7/2023,39,month,Yes,9/1/2022,13,11
154163218,9/7/2022,9/7/2023,39,month,Yes,9/1/2022,13,12
154163218,9/7/2022,9/7/2023,39,month,Yes,9/1/2022,13,13
129467426,9/7/2022,5/25/2023,39,month,Yes,9/1/2022,9,1
129467426,9/7/2022,5/25/2023,39,month,Yes,9/1/2022,9,2
129467426,9/7/2022,5/25/2023,39,month,Yes,9/1/2022,9,3
129467426,9/7/2022,5/25/2023,39,month,Yes,9/1/2022,9,4
129467426,9/7/2022,5/25/2023,39,month,Yes,9/1/2022,9,5
129467426,9/7/2022,5/25/2023,39,month,Yes,9/1/2022,9,6
129467426,9/7/2022,5/25/2023,39,month,Yes,9/1/2022,9,7
129467426,9/7/2022,5/25/2023,39,month,Yes,9/1/2022,9,8
129467426,9/7/2022,5/25/2023,39,month,Yes,9/1/2022,9,9
152498330,9/7/2022,2/22/2023,39,month,Yes,9/1/2022,6,1
152498330,9/7/2022,2/22/2023,39,month,Yes,9/1/2022,6,2
152498330,9/7/2022,2/22/2023,39,month,Yes,9/1/2022,6,3
152498330,9/7/2022,2/22/2023,39,month,Yes,9/1/2022,6,4
152498330,9/7/2022,2/22/2023,39,month,Yes,9/1/2022,6,5
152498330,9/7/2022,2/22/2023,39,month,Yes,9/1/2022,6,6
125335731,9/7/2022,9/14/2022,39,month,Yes,9/1/2022,1,1
155113805,9/8/2022,9/7/2023,39,month,Yes,9/1/2022,12,1
155113805,9/8/2022,9/7/2023,39,month,Yes,9/1/2022,12,2
155113805,9/8/2022,9/7/2023,39,month,Yes,9/1/2022,12,3
155113805,9/8/2022,9/7/2023,39,month,Yes,9/1/2022,12,4
155113805,9/8/2022,9/7/2023,39,month,Yes,9/1/2022,12,5
155113805,9/8/2022,9/7/2023,39,month,Yes,9/1/2022,12,6
155113805,9/8/2022,9/7/2023,39,month,Yes,9/1/2022,12,7
155113805,9/8/2022,9/7/2023,39,month,Yes,9/1/2022,12,8
155113805,9/8/2022,9/7/2023,39,month,Yes,9/1/2022,12,9
155113805,9/8/2022,9/7/2023,39,month,Yes,9/1/2022,12,10
155113805,9/8/2022,9/7/2023,39,month,Yes,9/1/2022,12,11
155113805,9/8/2022,9/7/2023,39,month,Yes,9/1/2022,12,12
148864769,9/8/2022,10/28/2022,39,month,Yes,9/1/2022,2,1
148864769,9/8/2022,10/28/2022,39,month,Yes,9/1/2022,2,2
123850281,9/8/2022,10/15/2022,39,month,Yes,9/1/2022,2,1
123850281,9/8/2022,10/15/2022,39,month,Yes,9/1/2022,2,2
155167073,9/8/2022,10/6/2022,39,month,Yes,9/1/2022,1,1
153684891,9/8/2022,9/9/2022,39,month,Yes,9/1/2022,1,1
131277340,9/9/2022,3/1/2023,39,month,Yes,9/1/2022,6,1
131277340,9/9/2022,3/1/2023,39,month,Yes,9/1/2022,6,2
131277340,9/9/2022,3/1/2023,39,month,Yes,9/1/2022,6,3
131277340,9/9/2022,3/1/2023,39,month,Yes,9/1/2022,6,4
131277340,9/9/2022,3/1/2023,39,month,Yes,9/1/2022,6,5
131277340,9/9/2022,3/1/2023,39,month,Yes,9/1/2022,6,6
152027172,9/9/2022,12/2/2022,39,month,Yes,9/1/2022,3,1
152027172,9/9/2022,12/2/2022,39,month,Yes,9/1/2022,3,2
152027172,9/9/2022,12/2/2022,39,month,Yes,9/1/2022,3,3
155212612,9/9/2022,11/3/2022,39,month,Yes,9/1/2022,2,1
155212612,9/9/2022,11/3/2022,39,month,Yes,9/1/2022,2,2
155188498,9/9/2022,10/9/2022,39,month,Yes,9/1/2022,2,1
155188498,9/9/2022,10/9/2022,39,month,Yes,9/1/2022,2,2
155145336,9/9/2022,10/3/2022,39,month,Yes,9/1/2022,1,1
152506474,9/9/2022,10/16/2022,39,month,Yes,9/1/2022,2,1
152506474,9/9/2022,10/16/2022,39,month,Yes,9/1/2022,2,2
118029150,9/9/2022,8/16/2023,39,month,Yes,9/1/2022,12,1
118029150,9/9/2022,8/16/2023,39,month,Yes,9/1/2022,12,2
118029150,9/9/2022,8/16/2023,39,month,Yes,9/1/2022,12,3
118029150,9/9/2022,8/16/2023,39,month,Yes,9/1/2022,12,4
118029150,9/9/2022,8/16/2023,39,month,Yes,9/1/2022,12,5
118029150,9/9/2022,8/16/2023,39,month,Yes,9/1/2022,12,6
118029150,9/9/2022,8/16/2023,39,month,Yes,9/1/2022,12,7
118029150,9/9/2022,8/16/2023,39,month,Yes,9/1/2022,12,8
118029150,9/9/2022,8/16/2023,39,month,Yes,9/1/2022,12,9
118029150,9/9/2022,8/16/2023,39,month,Yes,9/1/2022,12,10
118029150,9/9/2022,8/16/2023,39,month,Yes,9/1/2022,12,11
118029150,9/9/2022,8/16/2023,39,month,Yes,9/1/2022,12,12
155245796,9/10/2022,9/7/2023,39,month,Yes,9/1/2022,12,1
155245796,9/10/2022,9/7/2023,39,month,Yes,9/1/2022,12,2
155245796,9/10/2022,9/7/2023,39,month,Yes,9/1/2022,12,3
155245796,9/10/2022,9/7/2023,39,month,Yes,9/1/2022,12,4
155245796,9/10/2022,9/7/2023,39,month,Yes,9/1/2022,12,5
155245796,9/10/2022,9/7/2023,39,month,Yes,9/1/2022,12,6
155245796,9/10/2022,9/7/2023,39,month,Yes,9/1/2022,12,7
155245796,9/10/2022,9/7/2023,39,month,Yes,9/1/2022,12,8
155245796,9/10/2022,9/7/2023,39,month,Yes,9/1/2022,12,9
155245796,9/10/2022,9/7/2023,39,month,Yes,9/1/2022,12,10
155245796,9/10/2022,9/7/2023,39,month,Yes,9/1/2022,12,11
155245796,9/10/2022,9/7/2023,39,month,Yes,9/1/2022,12,12
155326259,9/10/2022,2/21/2023,39,month,Yes,9/1/2022,6,1
155326259,9/10/2022,2/21/2023,39,month,Yes,9/1/2022,6,2
155326259,9/10/2022,2/21/2023,39,month,Yes,9/1/2022,6,3
155326259,9/10/2022,2/21/2023,39,month,Yes,9/1/2022,6,4
155326259,9/10/2022,2/21/2023,39,month,Yes,9/1/2022,6,5
155326259,9/10/2022,2/21/2023,39,month,Yes,9/1/2022,6,6
155311918,9/10/2022,12/12/2022,39,month,Yes,9/1/2022,4,1
155311918,9/10/2022,12/12/2022,39,month,Yes,9/1/2022,4,2
155311918,9/10/2022,12/12/2022,39,month,Yes,9/1/2022,4,3
155311918,9/10/2022,12/12/2022,39,month,Yes,9/1/2022,4,4
154391473,9/10/2022,10/12/2022,39,month,Yes,9/1/2022,2,1
154391473,9/10/2022,10/12/2022,39,month,Yes,9/1/2022,2,2
155283495,9/10/2022,10/8/2022,39,month,Yes,9/1/2022,1,1
154597373,9/10/2022,10/6/2022,39,month,Yes,9/1/2022,1,1
155370310,9/11/2022,5/16/2023,39,month,Yes,9/1/2022,9,1
155370310,9/11/2022,5/16/2023,39,month,Yes,9/1/2022,9,2
155370310,9/11/2022,5/16/2023,39,month,Yes,9/1/2022,9,3
155370310,9/11/2022,5/16/2023,39,month,Yes,9/1/2022,9,4
155370310,9/11/2022,5/16/2023,39,month,Yes,9/1/2022,9,5
155370310,9/11/2022,5/16/2023,39,month,Yes,9/1/2022,9,6
155370310,9/11/2022,5/16/2023,39,month,Yes,9/1/2022,9,7
155370310,9/11/2022,5/16/2023,39,month,Yes,9/1/2022,9,8
155370310,9/11/2022,5/16/2023,39,month,Yes,9/1/2022,9,9
155289120,9/11/2022,2/15/2023,39,month,Yes,9/1/2022,6,1
155289120,9/11/2022,2/15/2023,39,month,Yes,9/1/2022,6,2
155289120,9/11/2022,2/15/2023,39,month,Yes,9/1/2022,6,3
155289120,9/11/2022,2/15/2023,39,month,Yes,9/1/2022,6,4
155289120,9/11/2022,2/15/2023,39,month,Yes,9/1/2022,6,5
155289120,9/11/2022,2/15/2023,39,month,Yes,9/1/2022,6,6
155351408,9/11/2022,12/11/2022,39,month,Yes,9/1/2022,4,1
155351408,9/11/2022,12/11/2022,39,month,Yes,9/1/2022,4,2
155351408,9/11/2022,12/11/2022,39,month,Yes,9/1/2022,4,3
155351408,9/11/2022,12/11/2022,39,month,Yes,9/1/2022,4,4
155336773,9/11/2022,12/24/2022,39,month,Yes,9/1/2022,4,1
155336773,9/11/2022,12/24/2022,39,month,Yes,9/1/2022,4,2
155336773,9/11/2022,12/24/2022,39,month,Yes,9/1/2022,4,3
155336773,9/11/2022,12/24/2022,39,month,Yes,9/1/2022,4,4
155017581,9/11/2022,11/2/2022,39,month,Yes,9/1/2022,2,1
155017581,9/11/2022,11/2/2022,39,month,Yes,9/1/2022,2,2
154401329,9/11/2022,10/15/2022,39,month,Yes,9/1/2022,2,1
154401329,9/11/2022,10/15/2022,39,month,Yes,9/1/2022,2,2
155334828,9/11/2022,10/11/2022,39,month,Yes,9/1/2022,2,1
155334828,9/11/2022,10/11/2022,39,month,Yes,9/1/2022,2,2
154815431,9/11/2022,9/11/2022,39,month,Yes,9/1/2022,1,1
155343938,9/11/2022,8/18/2023,39,month,Yes,9/1/2022,12,1
155343938,9/11/2022,8/18/2023,39,month,Yes,9/1/2022,12,2
155343938,9/11/2022,8/18/2023,39,month,Yes,9/1/2022,12,3
155343938,9/11/2022,8/18/2023,39,month,Yes,9/1/2022,12,4
155343938,9/11/2022,8/18/2023,39,month,Yes,9/1/2022,12,5
155343938,9/11/2022,8/18/2023,39,month,Yes,9/1/2022,12,6
155343938,9/11/2022,8/18/2023,39,month,Yes,9/1/2022,12,7
155343938,9/11/2022,8/18/2023,39,month,Yes,9/1/2022,12,8
155343938,9/11/2022,8/18/2023,39,month,Yes,9/1/2022,12,9
155343938,9/11/2022,8/18/2023,39,month,Yes,9/1/2022,12,10
155343938,9/11/2022,8/18/2023,39,month,Yes,9/1/2022,12,11
155343938,9/11/2022,8/18/2023,39,month,Yes,9/1/2022,12,12
152436458,9/12/2022,9/12/2022,39,month,Yes,9/1/2022,1,1
155425695,9/12/2022,10/19/2022,39,month,Yes,9/1/2022,2,1
155425695,9/12/2022,10/19/2022,39,month,Yes,9/1/2022,2,2
152698255,9/12/2022,10/12/2022,39,month,Yes,9/1/2022,2,1
152698255,9/12/2022,10/12/2022,39,month,Yes,9/1/2022,2,2
155406449,9/13/2022,8/27/2023,39,month,Yes,9/1/2022,12,1
155406449,9/13/2022,8/27/2023,39,month,Yes,9/1/2022,12,2
155406449,9/13/2022,8/27/2023,39,month,Yes,9/1/2022,12,3
155406449,9/13/2022,8/27/2023,39,month,Yes,9/1/2022,12,4
155406449,9/13/2022,8/27/2023,39,month,Yes,9/1/2022,12,5
155406449,9/13/2022,8/27/2023,39,month,Yes,9/1/2022,12,6
155406449,9/13/2022,8/27/2023,39,month,Yes,9/1/2022,12,7
155406449,9/13/2022,8/27/2023,39,month,Yes,9/1/2022,12,8
155406449,9/13/2022,8/27/2023,39,month,Yes,9/1/2022,12,9
155406449,9/13/2022,8/27/2023,39,month,Yes,9/1/2022,12,10
155406449,9/13/2022,8/27/2023,39,month,Yes,9/1/2022,12,11
155406449,9/13/2022,8/27/2023,39,month,Yes,9/1/2022,12,12
137338480,9/13/2022,9/14/2022,39,month,Yes,9/1/2022,1,1
155508519,9/13/2022,10/23/2022,39,month,Yes,9/1/2022,2,1
155508519,9/13/2022,10/23/2022,39,month,Yes,9/1/2022,2,2
155463846,9/13/2022,10/3/2022,39,month,Yes,9/1/2022,1,1
122335220,9/13/2022,9/17/2022,39,month,Yes,9/1/2022,1,1
155460904,9/13/2022,6/14/2023,39,month,Yes,9/1/2022,10,1
155460904,9/13/2022,6/14/2023,39,month,Yes,9/1/2022,10,2
155460904,9/13/2022,6/14/2023,39,month,Yes,9/1/2022,10,3
155460904,9/13/2022,6/14/2023,39,month,Yes,9/1/2022,10,4
155460904,9/13/2022,6/14/2023,39,month,Yes,9/1/2022,10,5
155460904,9/13/2022,6/14/2023,39,month,Yes,9/1/2022,10,6
155460904,9/13/2022,6/14/2023,39,month,Yes,9/1/2022,10,7
155460904,9/13/2022,6/14/2023,39,month,Yes,9/1/2022,10,8
155460904,9/13/2022,6/14/2023,39,month,Yes,9/1/2022,10,9
155460904,9/13/2022,6/14/2023,39,month,Yes,9/1/2022,10,10
155465332,9/14/2022,3/6/2023,39,month,Yes,9/1/2022,6,1
155465332,9/14/2022,3/6/2023,39,month,Yes,9/1/2022,6,2
155465332,9/14/2022,3/6/2023,39,month,Yes,9/1/2022,6,3
155465332,9/14/2022,3/6/2023,39,month,Yes,9/1/2022,6,4
155465332,9/14/2022,3/6/2023,39,month,Yes,9/1/2022,6,5
155465332,9/14/2022,3/6/2023,39,month,Yes,9/1/2022,6,6
155562517,9/14/2022,12/7/2022,39,month,Yes,9/1/2022,3,1
155562517,9/14/2022,12/7/2022,39,month,Yes,9/1/2022,3,2
155562517,9/14/2022,12/7/2022,39,month,Yes,9/1/2022,3,3
153577096,9/14/2022,10/21/2022,39,month,Yes,9/1/2022,2,1
153577096,9/14/2022,10/21/2022,39,month,Yes,9/1/2022,2,2
154937101,9/15/2022,9/7/2023,39,month,Yes,9/1/2022,12,1
154937101,9/15/2022,9/7/2023,39,month,Yes,9/1/2022,12,2
154937101,9/15/2022,9/7/2023,39,month,Yes,9/1/2022,12,3
154937101,9/15/2022,9/7/2023,39,month,Yes,9/1/2022,12,4
154937101,9/15/2022,9/7/2023,39,month,Yes,9/1/2022,12,5
154937101,9/15/2022,9/7/2023,39,month,Yes,9/1/2022,12,6
154937101,9/15/2022,9/7/2023,39,month,Yes,9/1/2022,12,7
154937101,9/15/2022,9/7/2023,39,month,Yes,9/1/2022,12,8
154937101,9/15/2022,9/7/2023,39,month,Yes,9/1/2022,12,9
154937101,9/15/2022,9/7/2023,39,month,Yes,9/1/2022,12,10
154937101,9/15/2022,9/7/2023,39,month,Yes,9/1/2022,12,11
154937101,9/15/2022,9/7/2023,39,month,Yes,9/1/2022,12,12
155270889,9/15/2022,3/6/2023,39,month,Yes,9/1/2022,6,1
155270889,9/15/2022,3/6/2023,39,month,Yes,9/1/2022,6,2
155270889,9/15/2022,3/6/2023,39,month,Yes,9/1/2022,6,3
155270889,9/15/2022,3/6/2023,39,month,Yes,9/1/2022,6,4
155270889,9/15/2022,3/6/2023,39,month,Yes,9/1/2022,6,5
155270889,9/15/2022,3/6/2023,39,month,Yes,9/1/2022,6,6
155601465,9/15/2022,6/1/2023,39,month,Yes,9/1/2022,9,1
155601465,9/15/2022,6/1/2023,39,month,Yes,9/1/2022,9,2
155601465,9/15/2022,6/1/2023,39,month,Yes,9/1/2022,9,3
155601465,9/15/2022,6/1/2023,39,month,Yes,9/1/2022,9,4
155601465,9/15/2022,6/1/2023,39,month,Yes,9/1/2022,9,5
155601465,9/15/2022,6/1/2023,39,month,Yes,9/1/2022,9,6
155601465,9/15/2022,6/1/2023,39,month,Yes,9/1/2022,9,7
155601465,9/15/2022,6/1/2023,39,month,Yes,9/1/2022,9,8
155601465,9/15/2022,6/1/2023,39,month,Yes,9/1/2022,9,9
154045370,9/15/2022,11/28/2022,39,month,Yes,9/1/2022,3,1
154045370,9/15/2022,11/28/2022,39,month,Yes,9/1/2022,3,2
154045370,9/15/2022,11/28/2022,39,month,Yes,9/1/2022,3,3
155612742,9/15/2022,11/8/2022,39,month,Yes,9/1/2022,2,1
155612742,9/15/2022,11/8/2022,39,month,Yes,9/1/2022,2,2
155621162,9/15/2022,11/14/2022,39,month,Yes,9/1/2022,2,1
155621162,9/15/2022,11/14/2022,39,month,Yes,9/1/2022,2,2
154904040,9/15/2022,10/22/2022,39,month,Yes,9/1/2022,2,1
154904040,9/15/2022,10/22/2022,39,month,Yes,9/1/2022,2,2
150810434,9/15/2022,10/12/2022,39,month,Yes,9/1/2022,1,1
150825802,9/15/2022,10/13/2022,39,month,Yes,9/1/2022,1,1
151907203,9/15/2022,10/11/2022,39,month,Yes,9/1/2022,1,1
149595273,9/15/2022,9/29/2022,39,month,Yes,9/1/2022,1,1
155596960,9/15/2022,9/23/2022,39,month,Yes,9/1/2022,1,1
155192606,9/16/2022,9/7/2023,39,month,Yes,9/1/2022,12,1
155192606,9/16/2022,9/7/2023,39,month,Yes,9/1/2022,12,2
155192606,9/16/2022,9/7/2023,39,month,Yes,9/1/2022,12,3
155192606,9/16/2022,9/7/2023,39,month,Yes,9/1/2022,12,4
155192606,9/16/2022,9/7/2023,39,month,Yes,9/1/2022,12,5
155192606,9/16/2022,9/7/2023,39,month,Yes,9/1/2022,12,6
155192606,9/16/2022,9/7/2023,39,month,Yes,9/1/2022,12,7
155192606,9/16/2022,9/7/2023,39,month,Yes,9/1/2022,12,8
155192606,9/16/2022,9/7/2023,39,month,Yes,9/1/2022,12,9
155192606,9/16/2022,9/7/2023,39,month,Yes,9/1/2022,12,10
155192606,9/16/2022,9/7/2023,39,month,Yes,9/1/2022,12,11
155192606,9/16/2022,9/7/2023,39,month,Yes,9/1/2022,12,12
129111644,9/16/2022,3/23/2023,39,month,Yes,9/1/2022,7,1
129111644,9/16/2022,3/23/2023,39,month,Yes,9/1/2022,7,2
129111644,9/16/2022,3/23/2023,39,month,Yes,9/1/2022,7,3
129111644,9/16/2022,3/23/2023,39,month,Yes,9/1/2022,7,4
129111644,9/16/2022,3/23/2023,39,month,Yes,9/1/2022,7,5
129111644,9/16/2022,3/23/2023,39,month,Yes,9/1/2022,7,6
129111644,9/16/2022,3/23/2023,39,month,Yes,9/1/2022,7,7
155426674,9/16/2022,4/10/2023,39,month,Yes,9/1/2022,7,1
155426674,9/16/2022,4/10/2023,39,month,Yes,9/1/2022,7,2
155426674,9/16/2022,4/10/2023,39,month,Yes,9/1/2022,7,3
155426674,9/16/2022,4/10/2023,39,month,Yes,9/1/2022,7,4
155426674,9/16/2022,4/10/2023,39,month,Yes,9/1/2022,7,5
155426674,9/16/2022,4/10/2023,39,month,Yes,9/1/2022,7,6
155426674,9/16/2022,4/10/2023,39,month,Yes,9/1/2022,7,7
154389303,9/16/2022,1/5/2023,39,month,Yes,9/1/2022,4,1
154389303,9/16/2022,1/5/2023,39,month,Yes,9/1/2022,4,2
154389303,9/16/2022,1/5/2023,39,month,Yes,9/1/2022,4,3
154389303,9/16/2022,1/5/2023,39,month,Yes,9/1/2022,4,4
155671632,9/16/2022,12/22/2022,39,month,Yes,9/1/2022,4,1
155671632,9/16/2022,12/22/2022,39,month,Yes,9/1/2022,4,2
155671632,9/16/2022,12/22/2022,39,month,Yes,9/1/2022,4,3
155671632,9/16/2022,12/22/2022,39,month,Yes,9/1/2022,4,4
155663101,9/16/2022,10/4/2022,39,month,Yes,9/1/2022,1,1
152084572,9/17/2022,9/7/2023,39,month,Yes,9/1/2022,12,1
152084572,9/17/2022,9/7/2023,39,month,Yes,9/1/2022,12,2
152084572,9/17/2022,9/7/2023,39,month,Yes,9/1/2022,12,3
152084572,9/17/2022,9/7/2023,39,month,Yes,9/1/2022,12,4
152084572,9/17/2022,9/7/2023,39,month,Yes,9/1/2022,12,5
152084572,9/17/2022,9/7/2023,39,month,Yes,9/1/2022,12,6
152084572,9/17/2022,9/7/2023,39,month,Yes,9/1/2022,12,7
152084572,9/17/2022,9/7/2023,39,month,Yes,9/1/2022,12,8
152084572,9/17/2022,9/7/2023,39,month,Yes,9/1/2022,12,9
152084572,9/17/2022,9/7/2023,39,month,Yes,9/1/2022,12,10
152084572,9/17/2022,9/7/2023,39,month,Yes,9/1/2022,12,11
152084572,9/17/2022,9/7/2023,39,month,Yes,9/1/2022,12,12
155783230,9/17/2022,5/12/2023,39,month,Yes,9/1/2022,8,1
155783230,9/17/2022,5/12/2023,39,month,Yes,9/1/2022,8,2
155783230,9/17/2022,5/12/2023,39,month,Yes,9/1/2022,8,3
155783230,9/17/2022,5/12/2023,39,month,Yes,9/1/2022,8,4
155783230,9/17/2022,5/12/2023,39,month,Yes,9/1/2022,8,5
155783230,9/17/2022,5/12/2023,39,month,Yes,9/1/2022,8,6
155783230,9/17/2022,5/12/2023,39,month,Yes,9/1/2022,8,7
155783230,9/17/2022,5/12/2023,39,month,Yes,9/1/2022,8,8
155714315,9/17/2022,1/14/2023,39,month,Yes,9/1/2022,4,1
155714315,9/17/2022,1/14/2023,39,month,Yes,9/1/2022,4,2
155714315,9/17/2022,1/14/2023,39,month,Yes,9/1/2022,4,3
155714315,9/17/2022,1/14/2023,39,month,Yes,9/1/2022,4,4
155774393,9/17/2022,10/18/2022,39,month,Yes,9/1/2022,2,1
155774393,9/17/2022,10/18/2022,39,month,Yes,9/1/2022,2,2
152901090,9/18/2022,1/25/2023,39,month,Yes,9/1/2022,5,1
152901090,9/18/2022,1/25/2023,39,month,Yes,9/1/2022,5,2
152901090,9/18/2022,1/25/2023,39,month,Yes,9/1/2022,5,3
152901090,9/18/2022,1/25/2023,39,month,Yes,9/1/2022,5,4
152901090,9/18/2022,1/25/2023,39,month,Yes,9/1/2022,5,5
147029752,9/18/2022,11/21/2022,39,month,Yes,9/1/2022,3,1
147029752,9/18/2022,11/21/2022,39,month,Yes,9/1/2022,3,2
147029752,9/18/2022,11/21/2022,39,month,Yes,9/1/2022,3,3
155809043,9/18/2022,12/8/2022,39,month,Yes,9/1/2022,3,1
155809043,9/18/2022,12/8/2022,39,month,Yes,9/1/2022,3,2
155809043,9/18/2022,12/8/2022,39,month,Yes,9/1/2022,3,3
155180991,9/18/2022,11/12/2022,39,month,Yes,9/1/2022,2,1
155180991,9/18/2022,11/12/2022,39,month,Yes,9/1/2022,2,2
155713732,9/18/2022,9/30/2022,39,month,Yes,9/1/2022,1,1
155204060,9/18/2022,10/17/2022,39,month,Yes,9/1/2022,1,1
126212861,9/19/2022,9/19/2022,39,month,Yes,9/1/2022,1,1
155265877,9/19/2022,2/10/2023,39,month,Yes,9/1/2022,5,1
155265877,9/19/2022,2/10/2023,39,month,Yes,9/1/2022,5,2
155265877,9/19/2022,2/10/2023,39,month,Yes,9/1/2022,5,3
155265877,9/19/2022,2/10/2023,39,month,Yes,9/1/2022,5,4
155265877,9/19/2022,2/10/2023,39,month,Yes,9/1/2022,5,5
155916753,9/19/2022,2/19/2023,39,month,Yes,9/1/2022,6,1
155916753,9/19/2022,2/19/2023,39,month,Yes,9/1/2022,6,2
155916753,9/19/2022,2/19/2023,39,month,Yes,9/1/2022,6,3
155916753,9/19/2022,2/19/2023,39,month,Yes,9/1/2022,6,4
155916753,9/19/2022,2/19/2023,39,month,Yes,9/1/2022,6,5
155916753,9/19/2022,2/19/2023,39,month,Yes,9/1/2022,6,6
155927984,9/19/2022,12/17/2022,39,month,Yes,9/1/2022,3,1
155927984,9/19/2022,12/17/2022,39,month,Yes,9/1/2022,3,2
155927984,9/19/2022,12/17/2022,39,month,Yes,9/1/2022,3,3
155876104,9/19/2022,12/14/2022,39,month,Yes,9/1/2022,3,1
155876104,9/19/2022,12/14/2022,39,month,Yes,9/1/2022,3,2
155876104,9/19/2022,12/14/2022,39,month,Yes,9/1/2022,3,3
155733164,9/19/2022,9/19/2022,39,month,Yes,9/1/2022,1,1
153832728,9/19/2022,10/18/2022,39,month,Yes,9/1/2022,1,1
155876188,9/19/2022,10/20/2022,39,month,Yes,9/1/2022,2,1
155876188,9/19/2022,10/20/2022,39,month,Yes,9/1/2022,2,2
150687940,9/19/2022,10/18/2022,39,month,Yes,9/1/2022,1,1
155967446,9/20/2022,9/7/2023,39,month,Yes,9/1/2022,12,1
155967446,9/20/2022,9/7/2023,39,month,Yes,9/1/2022,12,2
155967446,9/20/2022,9/7/2023,39,month,Yes,9/1/2022,12,3
155967446,9/20/2022,9/7/2023,39,month,Yes,9/1/2022,12,4
155967446,9/20/2022,9/7/2023,39,month,Yes,9/1/2022,12,5
155967446,9/20/2022,9/7/2023,39,month,Yes,9/1/2022,12,6
155967446,9/20/2022,9/7/2023,39,month,Yes,9/1/2022,12,7
155967446,9/20/2022,9/7/2023,39,month,Yes,9/1/2022,12,8
155967446,9/20/2022,9/7/2023,39,month,Yes,9/1/2022,12,9
155967446,9/20/2022,9/7/2023,39,month,Yes,9/1/2022,12,10
155967446,9/20/2022,9/7/2023,39,month,Yes,9/1/2022,12,11
155967446,9/20/2022,9/7/2023,39,month,Yes,9/1/2022,12,12
155687378,9/20/2022,3/27/2023,39,month,Yes,9/1/2022,7,1
155687378,9/20/2022,3/27/2023,39,month,Yes,9/1/2022,7,2
155687378,9/20/2022,3/27/2023,39,month,Yes,9/1/2022,7,3
155687378,9/20/2022,3/27/2023,39,month,Yes,9/1/2022,7,4
155687378,9/20/2022,3/27/2023,39,month,Yes,9/1/2022,7,5
155687378,9/20/2022,3/27/2023,39,month,Yes,9/1/2022,7,6
155687378,9/20/2022,3/27/2023,39,month,Yes,9/1/2022,7,7
156020667,9/20/2022,5/9/2023,39,month,Yes,9/1/2022,8,1
156020667,9/20/2022,5/9/2023,39,month,Yes,9/1/2022,8,2
156020667,9/20/2022,5/9/2023,39,month,Yes,9/1/2022,8,3
156020667,9/20/2022,5/9/2023,39,month,Yes,9/1/2022,8,4
156020667,9/20/2022,5/9/2023,39,month,Yes,9/1/2022,8,5
156020667,9/20/2022,5/9/2023,39,month,Yes,9/1/2022,8,6
156020667,9/20/2022,5/9/2023,39,month,Yes,9/1/2022,8,7
156020667,9/20/2022,5/9/2023,39,month,Yes,9/1/2022,8,8
155869412,9/20/2022,12/21/2022,39,month,Yes,9/1/2022,4,1
155869412,9/20/2022,12/21/2022,39,month,Yes,9/1/2022,4,2
155869412,9/20/2022,12/21/2022,39,month,Yes,9/1/2022,4,3
155869412,9/20/2022,12/21/2022,39,month,Yes,9/1/2022,4,4
156042204,9/20/2022,11/8/2022,39,month,Yes,9/1/2022,2,1
156042204,9/20/2022,11/8/2022,39,month,Yes,9/1/2022,2,2
153568990,9/20/2022,9/30/2022,39,month,Yes,9/1/2022,1,1
155327111,9/20/2022,10/31/2022,39,month,Yes,9/1/2022,2,1
155327111,9/20/2022,10/31/2022,39,month,Yes,9/1/2022,2,2
155270521,9/20/2022,8/8/2023,39,month,Yes,9/1/2022,11,1
155270521,9/20/2022,8/8/2023,39,month,Yes,9/1/2022,11,2
155270521,9/20/2022,8/8/2023,39,month,Yes,9/1/2022,11,3
155270521,9/20/2022,8/8/2023,39,month,Yes,9/1/2022,11,4
155270521,9/20/2022,8/8/2023,39,month,Yes,9/1/2022,11,5
155270521,9/20/2022,8/8/2023,39,month,Yes,9/1/2022,11,6
155270521,9/20/2022,8/8/2023,39,month,Yes,9/1/2022,11,7
155270521,9/20/2022,8/8/2023,39,month,Yes,9/1/2022,11,8
155270521,9/20/2022,8/8/2023,39,month,Yes,9/1/2022,11,9
155270521,9/20/2022,8/8/2023,39,month,Yes,9/1/2022,11,10
155270521,9/20/2022,8/8/2023,39,month,Yes,9/1/2022,11,11
155991618,9/21/2022,6/28/2023,39,month,Yes,9/1/2022,10,1
155991618,9/21/2022,6/28/2023,39,month,Yes,9/1/2022,10,2
155991618,9/21/2022,6/28/2023,39,month,Yes,9/1/2022,10,3
155991618,9/21/2022,6/28/2023,39,month,Yes,9/1/2022,10,4
155991618,9/21/2022,6/28/2023,39,month,Yes,9/1/2022,10,5
155991618,9/21/2022,6/28/2023,39,month,Yes,9/1/2022,10,6
155991618,9/21/2022,6/28/2023,39,month,Yes,9/1/2022,10,7
155991618,9/21/2022,6/28/2023,39,month,Yes,9/1/2022,10,8
155991618,9/21/2022,6/28/2023,39,month,Yes,9/1/2022,10,9
155991618,9/21/2022,6/28/2023,39,month,Yes,9/1/2022,10,10
156045144,9/21/2022,12/6/2022,39,month,Yes,9/1/2022,3,1
156045144,9/21/2022,12/6/2022,39,month,Yes,9/1/2022,3,2
156045144,9/21/2022,12/6/2022,39,month,Yes,9/1/2022,3,3
155439932,9/21/2022,11/14/2022,39,month,Yes,9/1/2022,2,1
155439932,9/21/2022,11/14/2022,39,month,Yes,9/1/2022,2,2
152674430,9/21/2022,10/3/2022,39,month,Yes,9/1/2022,1,1
156135106,9/22/2022,9/7/2023,39,month,Yes,9/1/2022,12,1
156135106,9/22/2022,9/7/2023,39,month,Yes,9/1/2022,12,2
156135106,9/22/2022,9/7/2023,39,month,Yes,9/1/2022,12,3
156135106,9/22/2022,9/7/2023,39,month,Yes,9/1/2022,12,4
156135106,9/22/2022,9/7/2023,39,month,Yes,9/1/2022,12,5
156135106,9/22/2022,9/7/2023,39,month,Yes,9/1/2022,12,6
156135106,9/22/2022,9/7/2023,39,month,Yes,9/1/2022,12,7
156135106,9/22/2022,9/7/2023,39,month,Yes,9/1/2022,12,8
156135106,9/22/2022,9/7/2023,39,month,Yes,9/1/2022,12,9
156135106,9/22/2022,9/7/2023,39,month,Yes,9/1/2022,12,10
156135106,9/22/2022,9/7/2023,39,month,Yes,9/1/2022,12,11
156135106,9/22/2022,9/7/2023,39,month,Yes,9/1/2022,12,12
156185490,9/22/2022,5/2/2023,39,month,Yes,9/1/2022,8,1
156185490,9/22/2022,5/2/2023,39,month,Yes,9/1/2022,8,2
156185490,9/22/2022,5/2/2023,39,month,Yes,9/1/2022,8,3
156185490,9/22/2022,5/2/2023,39,month,Yes,9/1/2022,8,4
156185490,9/22/2022,5/2/2023,39,month,Yes,9/1/2022,8,5
156185490,9/22/2022,5/2/2023,39,month,Yes,9/1/2022,8,6
156185490,9/22/2022,5/2/2023,39,month,Yes,9/1/2022,8,7
156185490,9/22/2022,5/2/2023,39,month,Yes,9/1/2022,8,8
156180312,9/22/2022,11/15/2022,39,month,Yes,9/1/2022,2,1
156180312,9/22/2022,11/15/2022,39,month,Yes,9/1/2022,2,2
151263484,9/22/2022,10/29/2022,39,month,Yes,9/1/2022,2,1
151263484,9/22/2022,10/29/2022,39,month,Yes,9/1/2022,2,2
156008989,9/22/2022,10/21/2022,39,month,Yes,9/1/2022,1,1
147687218,9/22/2022,10/29/2022,39,month,Yes,9/1/2022,2,1
147687218,9/22/2022,10/29/2022,39,month,Yes,9/1/2022,2,2
156235650,9/23/2022,9/7/2023,39,month,Yes,9/1/2022,12,1
156235650,9/23/2022,9/7/2023,39,month,Yes,9/1/2022,12,2
156235650,9/23/2022,9/7/2023,39,month,Yes,9/1/2022,12,3
156235650,9/23/2022,9/7/2023,39,month,Yes,9/1/2022,12,4
156235650,9/23/2022,9/7/2023,39,month,Yes,9/1/2022,12,5
156235650,9/23/2022,9/7/2023,39,month,Yes,9/1/2022,12,6
156235650,9/23/2022,9/7/2023,39,month,Yes,9/1/2022,12,7
156235650,9/23/2022,9/7/2023,39,month,Yes,9/1/2022,12,8
156235650,9/23/2022,9/7/2023,39,month,Yes,9/1/2022,12,9
156235650,9/23/2022,9/7/2023,39,month,Yes,9/1/2022,12,10
156235650,9/23/2022,9/7/2023,39,month,Yes,9/1/2022,12,11
156235650,9/23/2022,9/7/2023,39,month,Yes,9/1/2022,12,12
131128612,9/23/2022,1/16/2023,39,month,Yes,9/1/2022,4,1
131128612,9/23/2022,1/16/2023,39,month,Yes,9/1/2022,4,2
131128612,9/23/2022,1/16/2023,39,month,Yes,9/1/2022,4,3
131128612,9/23/2022,1/16/2023,39,month,Yes,9/1/2022,4,4
156198840,9/23/2022,1/21/2023,39,month,Yes,9/1/2022,4,1
156198840,9/23/2022,1/21/2023,39,month,Yes,9/1/2022,4,2
156198840,9/23/2022,1/21/2023,39,month,Yes,9/1/2022,4,3
156198840,9/23/2022,1/21/2023,39,month,Yes,9/1/2022,4,4
144166296,9/23/2022,10/19/2022,39,month,Yes,9/1/2022,1,1
136108848,9/23/2022,11/30/2022,39,month,Yes,9/1/2022,3,1
136108848,9/23/2022,11/30/2022,39,month,Yes,9/1/2022,3,2
136108848,9/23/2022,11/30/2022,39,month,Yes,9/1/2022,3,3
156225482,9/23/2022,10/14/2022,39,month,Yes,9/1/2022,1,1
156209360,9/23/2022,10/30/2022,39,month,Yes,9/1/2022,2,1
156209360,9/23/2022,10/30/2022,39,month,Yes,9/1/2022,2,2
153492199,9/24/2022,12/1/2022,39,month,Yes,9/1/2022,3,1
153492199,9/24/2022,12/1/2022,39,month,Yes,9/1/2022,3,2
153492199,9/24/2022,12/1/2022,39,month,Yes,9/1/2022,3,3
156127439,9/24/2022,11/1/2022,39,month,Yes,9/1/2022,2,1
156127439,9/24/2022,11/1/2022,39,month,Yes,9/1/2022,2,2
156197748,9/24/2022,10/26/2022,39,month,Yes,9/1/2022,2,1
156197748,9/24/2022,10/26/2022,39,month,Yes,9/1/2022,2,2
156292980,9/25/2022,9/7/2023,39,month,Yes,9/1/2022,12,1
156292980,9/25/2022,9/7/2023,39,month,Yes,9/1/2022,12,2
156292980,9/25/2022,9/7/2023,39,month,Yes,9/1/2022,12,3
156292980,9/25/2022,9/7/2023,39,month,Yes,9/1/2022,12,4
156292980,9/25/2022,9/7/2023,39,month,Yes,9/1/2022,12,5
156292980,9/25/2022,9/7/2023,39,month,Yes,9/1/2022,12,6
156292980,9/25/2022,9/7/2023,39,month,Yes,9/1/2022,12,7
156292980,9/25/2022,9/7/2023,39,month,Yes,9/1/2022,12,8
156292980,9/25/2022,9/7/2023,39,month,Yes,9/1/2022,12,9
156292980,9/25/2022,9/7/2023,39,month,Yes,9/1/2022,12,10
156292980,9/25/2022,9/7/2023,39,month,Yes,9/1/2022,12,11
156292980,9/25/2022,9/7/2023,39,month,Yes,9/1/2022,12,12
129284681,9/25/2022,11/1/2022,39,month,Yes,9/1/2022,2,1
129284681,9/25/2022,11/1/2022,39,month,Yes,9/1/2022,2,2
156249750,9/25/2022,11/2/2022,39,month,Yes,9/1/2022,2,1
156249750,9/25/2022,11/2/2022,39,month,Yes,9/1/2022,2,2
155143974,9/25/2022,11/18/2022,39,month,Yes,9/1/2022,2,1
155143974,9/25/2022,11/18/2022,39,month,Yes,9/1/2022,2,2
151354965,9/25/2022,10/29/2022,39,month,Yes,9/1/2022,2,1
151354965,9/25/2022,10/29/2022,39,month,Yes,9/1/2022,2,2
156178486,9/25/2022,10/24/2022,39,month,Yes,9/1/2022,1,1
132314522,9/26/2022,12/4/2022,39,month,Yes,9/1/2022,3,1
132314522,9/26/2022,12/4/2022,39,month,Yes,9/1/2022,3,2
132314522,9/26/2022,12/4/2022,39,month,Yes,9/1/2022,3,3
152505897,9/26/2022,4/7/2023,39,month,Yes,9/1/2022,7,1
152505897,9/26/2022,4/7/2023,39,month,Yes,9/1/2022,7,2
152505897,9/26/2022,4/7/2023,39,month,Yes,9/1/2022,7,3
152505897,9/26/2022,4/7/2023,39,month,Yes,9/1/2022,7,4
152505897,9/26/2022,4/7/2023,39,month,Yes,9/1/2022,7,5
152505897,9/26/2022,4/7/2023,39,month,Yes,9/1/2022,7,6
152505897,9/26/2022,4/7/2023,39,month,Yes,9/1/2022,7,7
151086770,9/26/2022,1/23/2023,39,month,Yes,9/1/2022,4,1
151086770,9/26/2022,1/23/2023,39,month,Yes,9/1/2022,4,2
151086770,9/26/2022,1/23/2023,39,month,Yes,9/1/2022,4,3
151086770,9/26/2022,1/23/2023,39,month,Yes,9/1/2022,4,4
148713821,9/26/2022,2/10/2023,39,month,Yes,9/1/2022,5,1
148713821,9/26/2022,2/10/2023,39,month,Yes,9/1/2022,5,2
148713821,9/26/2022,2/10/2023,39,month,Yes,9/1/2022,5,3
148713821,9/26/2022,2/10/2023,39,month,Yes,9/1/2022,5,4
148713821,9/26/2022,2/10/2023,39,month,Yes,9/1/2022,5,5
146422602,9/26/2022,11/3/2022,39,month,Yes,9/1/2022,2,1
146422602,9/26/2022,11/3/2022,39,month,Yes,9/1/2022,2,2
156460574,9/26/2022,11/17/2022,39,month,Yes,9/1/2022,2,1
156460574,9/26/2022,11/17/2022,39,month,Yes,9/1/2022,2,2
156364063,9/26/2022,11/14/2022,39,month,Yes,9/1/2022,2,1
156364063,9/26/2022,11/14/2022,39,month,Yes,9/1/2022,2,2
149139298,9/26/2022,10/26/2022,39,month,Yes,9/1/2022,2,1
149139298,9/26/2022,10/26/2022,39,month,Yes,9/1/2022,2,2
156371514,9/26/2022,10/24/2022,39,month,Yes,9/1/2022,1,1
156423167,9/27/2022,1/18/2023,39,month,Yes,9/1/2022,4,1
156423167,9/27/2022,1/18/2023,39,month,Yes,9/1/2022,4,2
156423167,9/27/2022,1/18/2023,39,month,Yes,9/1/2022,4,3
156423167,9/27/2022,1/18/2023,39,month,Yes,9/1/2022,4,4
155199164,9/27/2022,1/3/2023,39,month,Yes,9/1/2022,4,1
155199164,9/27/2022,1/3/2023,39,month,Yes,9/1/2022,4,2
155199164,9/27/2022,1/3/2023,39,month,Yes,9/1/2022,4,3
155199164,9/27/2022,1/3/2023,39,month,Yes,9/1/2022,4,4
156373191,9/27/2022,12/28/2022,39,month,Yes,9/1/2022,4,1
156373191,9/27/2022,12/28/2022,39,month,Yes,9/1/2022,4,2
156373191,9/27/2022,12/28/2022,39,month,Yes,9/1/2022,4,3
156373191,9/27/2022,12/28/2022,39,month,Yes,9/1/2022,4,4
156517374,9/27/2022,9/27/2022,39,month,Yes,9/1/2022,1,1
156032089,9/28/2022,9/7/2023,39,month,Yes,9/1/2022,12,1
156032089,9/28/2022,9/7/2023,39,month,Yes,9/1/2022,12,2
156032089,9/28/2022,9/7/2023,39,month,Yes,9/1/2022,12,3
156032089,9/28/2022,9/7/2023,39,month,Yes,9/1/2022,12,4
156032089,9/28/2022,9/7/2023,39,month,Yes,9/1/2022,12,5
156032089,9/28/2022,9/7/2023,39,month,Yes,9/1/2022,12,6
156032089,9/28/2022,9/7/2023,39,month,Yes,9/1/2022,12,7
156032089,9/28/2022,9/7/2023,39,month,Yes,9/1/2022,12,8
156032089,9/28/2022,9/7/2023,39,month,Yes,9/1/2022,12,9
156032089,9/28/2022,9/7/2023,39,month,Yes,9/1/2022,12,10
156032089,9/28/2022,9/7/2023,39,month,Yes,9/1/2022,12,11
156032089,9/28/2022,9/7/2023,39,month,Yes,9/1/2022,12,12
154563706,9/28/2022,3/25/2023,39,month,Yes,9/1/2022,6,1
154563706,9/28/2022,3/25/2023,39,month,Yes,9/1/2022,6,2
154563706,9/28/2022,3/25/2023,39,month,Yes,9/1/2022,6,3
154563706,9/28/2022,3/25/2023,39,month,Yes,9/1/2022,6,4
154563706,9/28/2022,3/25/2023,39,month,Yes,9/1/2022,6,5
154563706,9/28/2022,3/25/2023,39,month,Yes,9/1/2022,6,6
124481723,9/28/2022,11/22/2022,39,month,Yes,9/1/2022,2,1
124481723,9/28/2022,11/22/2022,39,month,Yes,9/1/2022,2,2
146861757,9/28/2022,12/22/2022,39,month,Yes,9/1/2022,3,1
146861757,9/28/2022,12/22/2022,39,month,Yes,9/1/2022,3,2
146861757,9/28/2022,12/22/2022,39,month,Yes,9/1/2022,3,3
152476124,9/28/2022,11/28/2022,39,month,Yes,9/1/2022,3,1
152476124,9/28/2022,11/28/2022,39,month,Yes,9/1/2022,3,2
152476124,9/28/2022,11/28/2022,39,month,Yes,9/1/2022,3,3
156192628,9/28/2022,11/20/2022,39,month,Yes,9/1/2022,2,1
156192628,9/28/2022,11/20/2022,39,month,Yes,9/1/2022,2,2
152109538,9/28/2022,10/19/2022,39,month,Yes,9/1/2022,1,1
156659071,9/28/2022,9/29/2022,39,month,Yes,9/1/2022,1,1
156717075,9/29/2022,4/14/2023,39,month,Yes,9/1/2022,7,1
156717075,9/29/2022,4/14/2023,39,month,Yes,9/1/2022,7,2
156717075,9/29/2022,4/14/2023,39,month,Yes,9/1/2022,7,3
156717075,9/29/2022,4/14/2023,39,month,Yes,9/1/2022,7,4
156717075,9/29/2022,4/14/2023,39,month,Yes,9/1/2022,7,5
156717075,9/29/2022,4/14/2023,39,month,Yes,9/1/2022,7,6
156717075,9/29/2022,4/14/2023,39,month,Yes,9/1/2022,7,7
156715443,9/29/2022,12/29/2022,39,month,Yes,9/1/2022,4,1
156715443,9/29/2022,12/29/2022,39,month,Yes,9/1/2022,4,2
156715443,9/29/2022,12/29/2022,39,month,Yes,9/1/2022,4,3
156715443,9/29/2022,12/29/2022,39,month,Yes,9/1/2022,4,4
147656952,9/29/2022,12/28/2022,39,month,Yes,9/1/2022,3,1
147656952,9/29/2022,12/28/2022,39,month,Yes,9/1/2022,3,2
147656952,9/29/2022,12/28/2022,39,month,Yes,9/1/2022,3,3
152918862,9/29/2022,11/20/2022,39,month,Yes,9/1/2022,2,1
152918862,9/29/2022,11/20/2022,39,month,Yes,9/1/2022,2,2
146866890,9/29/2022,10/24/2022,39,month,Yes,9/1/2022,1,1
151735444,9/30/2022,9/7/2023,39,month,Yes,9/1/2022,12,1
151735444,9/30/2022,9/7/2023,39,month,Yes,9/1/2022,12,2
151735444,9/30/2022,9/7/2023,39,month,Yes,9/1/2022,12,3
151735444,9/30/2022,9/7/2023,39,month,Yes,9/1/2022,12,4
151735444,9/30/2022,9/7/2023,39,month,Yes,9/1/2022,12,5
151735444,9/30/2022,9/7/2023,39,month,Yes,9/1/2022,12,6
151735444,9/30/2022,9/7/2023,39,month,Yes,9/1/2022,12,7
151735444,9/30/2022,9/7/2023,39,month,Yes,9/1/2022,12,8
151735444,9/30/2022,9/7/2023,39,month,Yes,9/1/2022,12,9
151735444,9/30/2022,9/7/2023,39,month,Yes,9/1/2022,12,10
151735444,9/30/2022,9/7/2023,39,month,Yes,9/1/2022,12,11
151735444,9/30/2022,9/7/2023,39,month,Yes,9/1/2022,12,12
156809544,9/30/2022,3/28/2023,39,month,Yes,9/1/2022,6,1
156809544,9/30/2022,3/28/2023,39,month,Yes,9/1/2022,6,2
156809544,9/30/2022,3/28/2023,39,month,Yes,9/1/2022,6,3
156809544,9/30/2022,3/28/2023,39,month,Yes,9/1/2022,6,4
156809544,9/30/2022,3/28/2023,39,month,Yes,9/1/2022,6,5
156809544,9/30/2022,3/28/2023,39,month,Yes,9/1/2022,6,6
156813288,9/30/2022,5/20/2023,39,month,Yes,9/1/2022,8,1
156813288,9/30/2022,5/20/2023,39,month,Yes,9/1/2022,8,2
156813288,9/30/2022,5/20/2023,39,month,Yes,9/1/2022,8,3
156813288,9/30/2022,5/20/2023,39,month,Yes,9/1/2022,8,4
156813288,9/30/2022,5/20/2023,39,month,Yes,9/1/2022,8,5
156813288,9/30/2022,5/20/2023,39,month,Yes,9/1/2022,8,6
156813288,9/30/2022,5/20/2023,39,month,Yes,9/1/2022,8,7
156813288,9/30/2022,5/20/2023,39,month,Yes,9/1/2022,8,8
156817946,9/30/2022,6/3/2023,39,month,Yes,9/1/2022,9,1
156817946,9/30/2022,6/3/2023,39,month,Yes,9/1/2022,9,2
156817946,9/30/2022,6/3/2023,39,month,Yes,9/1/2022,9,3
156817946,9/30/2022,6/3/2023,39,month,Yes,9/1/2022,9,4
156817946,9/30/2022,6/3/2023,39,month,Yes,9/1/2022,9,5
156817946,9/30/2022,6/3/2023,39,month,Yes,9/1/2022,9,6
156817946,9/30/2022,6/3/2023,39,month,Yes,9/1/2022,9,7
156817946,9/30/2022,6/3/2023,39,month,Yes,9/1/2022,9,8
156817946,9/30/2022,6/3/2023,39,month,Yes,9/1/2022,9,9
156194905,9/30/2022,4/6/2023,39,month,Yes,9/1/2022,7,1
156194905,9/30/2022,4/6/2023,39,month,Yes,9/1/2022,7,2
156194905,9/30/2022,4/6/2023,39,month,Yes,9/1/2022,7,3
156194905,9/30/2022,4/6/2023,39,month,Yes,9/1/2022,7,4
156194905,9/30/2022,4/6/2023,39,month,Yes,9/1/2022,7,5
156194905,9/30/2022,4/6/2023,39,month,Yes,9/1/2022,7,6
156194905,9/30/2022,4/6/2023,39,month,Yes,9/1/2022,7,7
148568942,9/30/2022,1/6/2023,39,month,Yes,9/1/2022,4,1
148568942,9/30/2022,1/6/2023,39,month,Yes,9/1/2022,4,2
148568942,9/30/2022,1/6/2023,39,month,Yes,9/1/2022,4,3
148568942,9/30/2022,1/6/2023,39,month,Yes,9/1/2022,4,4
151154171,9/30/2022,11/29/2022,39,month,Yes,9/1/2022,2,1
151154171,9/30/2022,11/29/2022,39,month,Yes,9/1/2022,2,2
122921842,9/30/2022,11/6/2022,39,month,Yes,9/1/2022,2,1
122921842,9/30/2022,11/6/2022,39,month,Yes,9/1/2022,2,2
156754286,10/1/2022,9/7/2023,39,month,Yes,10/1/2022,12,1
156754286,10/1/2022,9/7/2023,39,month,Yes,10/1/2022,12,2
156754286,10/1/2022,9/7/2023,39,month,Yes,10/1/2022,12,3
156754286,10/1/2022,9/7/2023,39,month,Yes,10/1/2022,12,4
156754286,10/1/2022,9/7/2023,39,month,Yes,10/1/2022,12,5
156754286,10/1/2022,9/7/2023,39,month,Yes,10/1/2022,12,6
156754286,10/1/2022,9/7/2023,39,month,Yes,10/1/2022,12,7
156754286,10/1/2022,9/7/2023,39,month,Yes,10/1/2022,12,8
156754286,10/1/2022,9/7/2023,39,month,Yes,10/1/2022,12,9
156754286,10/1/2022,9/7/2023,39,month,Yes,10/1/2022,12,10
156754286,10/1/2022,9/7/2023,39,month,Yes,10/1/2022,12,11
156754286,10/1/2022,9/7/2023,39,month,Yes,10/1/2022,12,12
144160302,10/1/2022,10/2/2022,39,month,Yes,10/1/2022,1,1
155045053,10/1/2022,1/1/2023,39,month,Yes,10/1/2022,4,1
155045053,10/1/2022,1/1/2023,39,month,Yes,10/1/2022,4,2
155045053,10/1/2022,1/1/2023,39,month,Yes,10/1/2022,4,3
155045053,10/1/2022,1/1/2023,39,month,Yes,10/1/2022,4,4
133869989,10/1/2022,11/2/2022,39,month,Yes,10/1/2022,2,1
133869989,10/1/2022,11/2/2022,39,month,Yes,10/1/2022,2,2
156863940,10/1/2022,11/2/2022,39,month,Yes,10/1/2022,2,1
156863940,10/1/2022,11/2/2022,39,month,Yes,10/1/2022,2,2
156884323,10/1/2022,10/25/2022,39,month,Yes,10/1/2022,1,1
156365410,10/1/2022,10/29/2022,39,month,Yes,10/1/2022,1,1
153957162,10/2/2022,9/7/2023,39,month,Yes,10/1/2022,12,1
153957162,10/2/2022,9/7/2023,39,month,Yes,10/1/2022,12,2
153957162,10/2/2022,9/7/2023,39,month,Yes,10/1/2022,12,3
153957162,10/2/2022,9/7/2023,39,month,Yes,10/1/2022,12,4
153957162,10/2/2022,9/7/2023,39,month,Yes,10/1/2022,12,5
153957162,10/2/2022,9/7/2023,39,month,Yes,10/1/2022,12,6
153957162,10/2/2022,9/7/2023,39,month,Yes,10/1/2022,12,7
153957162,10/2/2022,9/7/2023,39,month,Yes,10/1/2022,12,8
153957162,10/2/2022,9/7/2023,39,month,Yes,10/1/2022,12,9
153957162,10/2/2022,9/7/2023,39,month,Yes,10/1/2022,12,10
153957162,10/2/2022,9/7/2023,39,month,Yes,10/1/2022,12,11
153957162,10/2/2022,9/7/2023,39,month,Yes,10/1/2022,12,12
156403612,10/2/2022,1/26/2023,39,month,Yes,10/1/2022,4,1
156403612,10/2/2022,1/26/2023,39,month,Yes,10/1/2022,4,2
156403612,10/2/2022,1/26/2023,39,month,Yes,10/1/2022,4,3
156403612,10/2/2022,1/26/2023,39,month,Yes,10/1/2022,4,4
154198756,10/2/2022,11/14/2022,39,month,Yes,10/1/2022,2,1
154198756,10/2/2022,11/14/2022,39,month,Yes,10/1/2022,2,2
156917754,10/2/2022,10/28/2022,39,month,Yes,10/1/2022,1,1
134975906,10/3/2022,10/27/2022,39,month,Yes,10/1/2022,1,1
156955735,10/3/2022,7/2/2023,39,month,Yes,10/1/2022,9,1
156955735,10/3/2022,7/2/2023,39,month,Yes,10/1/2022,9,2
156955735,10/3/2022,7/2/2023,39,month,Yes,10/1/2022,9,3
156955735,10/3/2022,7/2/2023,39,month,Yes,10/1/2022,9,4
156955735,10/3/2022,7/2/2023,39,month,Yes,10/1/2022,9,5
156955735,10/3/2022,7/2/2023,39,month,Yes,10/1/2022,9,6
156955735,10/3/2022,7/2/2023,39,month,Yes,10/1/2022,9,7
156955735,10/3/2022,7/2/2023,39,month,Yes,10/1/2022,9,8
156955735,10/3/2022,7/2/2023,39,month,Yes,10/1/2022,9,9
156982750,10/3/2022,2/6/2023,39,month,Yes,10/1/2022,5,1
156982750,10/3/2022,2/6/2023,39,month,Yes,10/1/2022,5,2
156982750,10/3/2022,2/6/2023,39,month,Yes,10/1/2022,5,3
156982750,10/3/2022,2/6/2023,39,month,Yes,10/1/2022,5,4
156982750,10/3/2022,2/6/2023,39,month,Yes,10/1/2022,5,5
156953312,10/3/2022,3/17/2023,39,month,Yes,10/1/2022,6,1
156953312,10/3/2022,3/17/2023,39,month,Yes,10/1/2022,6,2
156953312,10/3/2022,3/17/2023,39,month,Yes,10/1/2022,6,3
156953312,10/3/2022,3/17/2023,39,month,Yes,10/1/2022,6,4
156953312,10/3/2022,3/17/2023,39,month,Yes,10/1/2022,6,5
156953312,10/3/2022,3/17/2023,39,month,Yes,10/1/2022,6,6
124642102,10/3/2022,1/3/2023,39,month,Yes,10/1/2022,4,1
124642102,10/3/2022,1/3/2023,39,month,Yes,10/1/2022,4,2
124642102,10/3/2022,1/3/2023,39,month,Yes,10/1/2022,4,3
124642102,10/3/2022,1/3/2023,39,month,Yes,10/1/2022,4,4
156940530,10/3/2022,1/10/2023,39,month,Yes,10/1/2022,4,1
156940530,10/3/2022,1/10/2023,39,month,Yes,10/1/2022,4,2
156940530,10/3/2022,1/10/2023,39,month,Yes,10/1/2022,4,3
156940530,10/3/2022,1/10/2023,39,month,Yes,10/1/2022,4,4
155602780,10/3/2022,1/20/2023,39,month,Yes,10/1/2022,4,1
155602780,10/3/2022,1/20/2023,39,month,Yes,10/1/2022,4,2
155602780,10/3/2022,1/20/2023,39,month,Yes,10/1/2022,4,3
155602780,10/3/2022,1/20/2023,39,month,Yes,10/1/2022,4,4
149635726,10/3/2022,11/8/2022,39,month,Yes,10/1/2022,2,1
149635726,10/3/2022,11/8/2022,39,month,Yes,10/1/2022,2,2
152660102,10/3/2022,11/28/2022,39,month,Yes,10/1/2022,2,1
152660102,10/3/2022,11/28/2022,39,month,Yes,10/1/2022,2,2
153620734,10/3/2022,11/29/2022,39,month,Yes,10/1/2022,2,1
153620734,10/3/2022,11/29/2022,39,month,Yes,10/1/2022,2,2
156940254,10/3/2022,10/3/2022,39,month,Yes,10/1/2022,1,1
156940060,10/3/2022,10/10/2022,39,month,Yes,10/1/2022,1,1
156938938,10/3/2022,10/3/2022,39,month,Yes,10/1/2022,1,1
156955272,10/4/2022,4/21/2023,39,month,Yes,10/1/2022,7,1
156955272,10/4/2022,4/21/2023,39,month,Yes,10/1/2022,7,2
156955272,10/4/2022,4/21/2023,39,month,Yes,10/1/2022,7,3
156955272,10/4/2022,4/21/2023,39,month,Yes,10/1/2022,7,4
156955272,10/4/2022,4/21/2023,39,month,Yes,10/1/2022,7,5
156955272,10/4/2022,4/21/2023,39,month,Yes,10/1/2022,7,6
156955272,10/4/2022,4/21/2023,39,month,Yes,10/1/2022,7,7
156941638,10/4/2022,3/15/2023,39,month,Yes,10/1/2022,6,1
156941638,10/4/2022,3/15/2023,39,month,Yes,10/1/2022,6,2
156941638,10/4/2022,3/15/2023,39,month,Yes,10/1/2022,6,3
156941638,10/4/2022,3/15/2023,39,month,Yes,10/1/2022,6,4
156941638,10/4/2022,3/15/2023,39,month,Yes,10/1/2022,6,5
156941638,10/4/2022,3/15/2023,39,month,Yes,10/1/2022,6,6
157154624,10/4/2022,1/30/2023,39,month,Yes,10/1/2022,4,1
157154624,10/4/2022,1/30/2023,39,month,Yes,10/1/2022,4,2
157154624,10/4/2022,1/30/2023,39,month,Yes,10/1/2022,4,3
157154624,10/4/2022,1/30/2023,39,month,Yes,10/1/2022,4,4
151677119,10/4/2022,12/14/2022,39,month,Yes,10/1/2022,3,1
151677119,10/4/2022,12/14/2022,39,month,Yes,10/1/2022,3,2
151677119,10/4/2022,12/14/2022,39,month,Yes,10/1/2022,3,3
